{"cameraMode":{"drawMode":0,"name":"Shaded","section":"Shading Mode"},"sceneLighting":true,"audioPlay":false,"sceneViewState":{"m_AlwaysRefresh":false,"showFog":true,"showSkybox":true,"showFlares":true,"showImageEffects":true,"showParticleSystems":true,"showVisualEffectGraphs":true,"m_FxEnabled":true},"in2DMode":false,"pivot":{"x":-0.4642521142959595,"y":7.810283660888672,"z":-5.489743232727051},"rotation":{"x":-0.40166181325912478,"y":-0.06120456010103226,"z":0.026899361982941629,"w":-0.9133531451225281},"size":2.2786052227020265,"orthographic":false}