{"cameraMode":{"drawMode":0,"name":"Shaded","section":"Shading Mode"},"sceneLighting":true,"audioPlay":false,"sceneViewState":{"m_AlwaysRefresh":false,"showFog":true,"showSkybox":true,"showFlares":true,"showImageEffects":true,"showParticleSystems":true,"showVisualEffectGraphs":true,"m_FxEnabled":true},"in2DMode":false,"pivot":{"x":0.16547280550003053,"y":-9.543431282043457,"z":6.896495819091797},"rotation":{"x":-0.3846397399902344,"y":-0.0022307755425572397,"z":0.0009072701795957983,"w":-0.9230917692184448},"size":12.02728271484375,"orthographic":false}