{"cameraMode":{"drawMode":0,"name":"Shaded","section":"Shading Mode"},"sceneLighting":false,"audioPlay":false,"sceneViewState":{"m_AlwaysRefresh":false,"showFog":true,"showSkybox":false,"showFlares":true,"showImageEffects":true,"showParticleSystems":true,"showVisualEffectGraphs":true,"m_FxEnabled":true},"in2DMode":false,"pivot":{"x":-0.6000000834465027,"y":4.199999809265137,"z":1.4901161193847657e-8},"rotation":{"x":-0.20892934501171113,"y":0.3601454496383667,"z":-0.08316618949174881,"w":-0.9054140448570252},"size":0.32425302267074587,"orthographic":false}